id_marca;id_categoria;id_fornecedor;modelo;produto;preco_unitario
132;14;98;UDL43919;Abajur de mesa  ;1531.38
165;10;88;MAE11353;Adaptador de tomada universal  ;4147.26
114;11;40;GXQ55443;Agulha de tricô  ;2897.06
34;8;186;ULG84992;Almofada decorativa  ;3785.77
177;6;168;SKI65575;Amortecedor para carro  ;103.35
148;13;35;IGH14438;Antena digital  ;2256.23
147;5;149;DLW41881;Aparelho de barbear elétrico  ;1253.65
61;4;120;DCU28667;Apontador de lápis  ;1488.01
4;2;49;NRV19546;Aquecedor elétrico  ;1023.41
222;9;30;LDA94267;Aspirador de pó portátil  ;3071.55
212;6;138;NKO66493;Balcão de cozinha  ;2660.61
113;10;92;ATO71195;Banqueta alta  ;1455.05
59;9;14;MJP46155;Barbeador manual  ;2023.83
284;3;174;MQO74367;Base para notebook com ventilação  ;4374.45
168;12;66;IKH15959;Bebedouro elétrico  ;4244.03
83;5;138;JUB74231;Berço desmontável  ;227.88
240;12;35;XAF99159;Bicicleta ergométrica  ;2122.94
116;14;113;OKW49514;Bicicleta infantil  ;3226.53
78;11;63;NON26681;Binóculos compactos  ;3995.23
224;8;26;XOC65451;Bloco de anotações  ;515.98
136;12;177;UBG81448;Bolsa térmica  ;4773.0
134;13;64;PPC31482;Botijão de gás  ;2303.33
219;9;1;NCW45742;Brinquedo educativo  ;148.34
183;3;183;BJJ25754;Cadeira de balanço  ;759.44
295;10;163;MHS41669;Cadeira de escritório ergonômica  ;4025.38
70;6;41;HSP73783;Cafeteira elétrica  ;2712.56
197;10;62;VRV19694;Caixa de ferramentas  ;2946.67
10;11;36;UKB86815;Caixa de som Bluetooth  ;4901.38
223;11;13;AEI98981;Cama dobrável  ;909.54
120;9;46;ZKI51392;Câmera de segurança  ;1334.44
195;14;121;POA59812;Caneca térmica  ;1616.73
123;3;68;YRH56241;Carregador portátil (power bank)  ;4945.91
210;9;151;EWA28787;Carro de brinquedo  ;509.42
176;9;149;LOH18319;Chave de fenda  ;4780.76
215;1;89;SRX68228;Chave de impacto elétrica  ;4445.89
95;10;68;KOR94378;Chinelos confortáveis  ;4393.7
174;8;53;MGH92616;Churrasqueira elétrica  ;2367.11
177;11;160;FRN57637;Cinto de segurança para pets  ;4429.54
271;2;114;QOP93382;Colchão inflável  ;2394.8
17;6;56;LSM23299;Coleira ajustável para cães  ;306.64
204;4;152;HPI21114;Computador all-in-one  ;3447.13
60;7;134;LZG66391;Conjunto de facas de cozinha  ;1386.18
246;9;184;RFO52816;Conjunto de panelas antiaderentes  ;4910.89
262;13;76;QXW77573;Conjunto de pincéis para pintura  ;4426.06
223;6;173;HBB56814;Cooler para bebidas  ;994.42
185;13;172;XQT29552;Cortador de grama  ;941.01
130;14;30;CAV44659;Cortina blackout  ;3880.44
187;11;120;QUP92622;Cuba de cozinha em aço inox  ;1477.88
270;4;166;CKZ52567;Detector de fumaça  ;2972.69
98;6;33;ZWS23184;Disco de corte para madeira  ;1779.31
127;6;179;PJI17283;Display de mesa para tablets  ;1039.86
55;1;152;TXP62931;Dock station para notebook  ;2086.56
270;10;45;LJE25234;Drone com câmera  ;1498.03
253;14;50;IFX16543;Escada dobrável  ;1333.48
274;9;70;ZFI47447;Escova de cabelo elétrica  ;1921.73
38;5;151;PKM32738;Espelho de aumento para maquiagem  ;112.92
292;3;125;IBR54515;Extensão elétrica com múltiplas entradas  ;893.15
260;3;38;HGJ72292;Ferro de passar roupa a vapor  ;649.12
105;11;192;FCQ35288;Fita adesiva resistente  ;2632.94
49;7;133;CCG88133;Fogão portátil  ;1692.16
3;12;143;LRB47584;Fonte para computador  ;2894.83
190;2;182;TPL62368;Fragmentadora de papel  ;1581.38
247;3;79;MFA37197;Fritadeira elétrica (air fryer)  ;2182.37
298;6;57;ISX14664;Fruteira de mesa  ;3720.36
298;8;107;SFO53785;Furadeira elétrica portátil  ;4734.84
79;10;68;BPJ57578;Gamepad para celular  ;2035.09
275;8;34;YQF23996;Garrafa esportiva  ;3392.3
5;11;184;YPL22364;Geladeira de 2 portas  ;2831.65
225;6;64;VXC38698;Grampeador de mesa  ;1466.51
120;13;72;FQR43988;Grelha para churrasqueira  ;508.07
271;13;152;BER97922;Grill elétrico  ;4815.9
198;6;36;EBG27483;Guarda-chuva resistente ao vento  ;3458.54
19;7;87;EEM76418;Headset gamer  ;2853.55
162;1;140;TOH53572;Hidratador de ar portátil  ;2089.0
245;4;188;KDI78483;Home theater compacto  ;690.13
70;3;68;WFT31153;Impressora multifuncional  ;3520.37
193;2;81;UKV75817;Jarra medidora com escala  ;4750.77
263;7;87;LDI65392;Kit de jardinagem  ;945.05
64;9;166;JIA55267;Kit de primeiros socorros  ;348.18
47;2;115;KXY64458;Lâmpada LED inteligente  ;3109.52
219;3;184;ZAJ51463;Lanterna recarregável  ;4397.44
151;14;190;JQK89813;Lente de aumento portátil  ;2677.8
155;1;72;MRI39389;Liquidificador industrial  ;1686.47
96;9;3;KWL81112;Lixeira com pedal  ;2486.05
301;14;179;DPQ82763;Luminária de parede  ;2911.18
188;14;170;QNK29489;Maleta para ferramentas  ;4941.92
181;11;39;ERH39772;Martelo de borracha  ;2101.32
266;3;79;OUK51128;Mesa dobrável para camping  ;1698.99
147;7;179;JKT14396;Mesa para computador  ;3897.14
109;4;84;MPR45739;Mini ventilador USB  ;380.22
267;5;112;SBY58369;Moedor de café manual  ;1254.26
73;12;12;PZG51246;Mochila anti-roubo  ;3587.62
268;14;16;BLR47952;Monitor de frequência cardíaca  ;2993.31
224;12;108;VLR82833;Monitor para computador  ;3343.73
1;5;50;MLJ25313;Mouse sem fio  ;1149.42
2;10;64;MKP58695;Multiuso para banheiro  ;3928.49
123;7;1;WYH18924;Notebook  ;2977.7
198;6;43;GMV99357;Óculos de realidade virtual  ;1510.2
256;8;159;OBT65435;Organizador de cabos  ;3092.13
164;4;22;UAE18164;Organizador de gavetas  ;4885.94
108;3;27;YPL24437;Painel solar portátil  ;3836.37
62;4;189;XNN58111;Paleteira manual  ;134.21
73;12;162;UHQ74845;Panela elétrica multifuncional  ;4435.23
40;7;54;CXA25295;Parafusadeira sem fio  ;2201.74
188;7;25;ISN52212;Película para smartphone  ;226.72
120;13;135;PPF61558;Pendrive de alta capacidade  ;4738.93
247;1;48;JUH97942;Pen drive com conector duplo  ;4574.95
231;9;169;LRJ39655;Penteadeira com espelho  ;4133.09
80;6;183;WEV18438;Pipoqueira elétrica  ;1412.65
93;9;72;HRT73351;Placa de vídeo para computador  ;3380.77
177;2;111;GMZ73491;Plaina elétrica  ;2979.15
40;13;112;IWM26233;Poltrona reclinável  ;1766.51
224;2;113;EKY81228;Porta cápsulas de café  ;3016.66
227;6;39;ZOT76826;Porta condimentos giratório  ;2999.97
236;14;121;UZS42249;Porta ferramentas  ;3831.85
76;4;116;OQM78566;Porta retrato digital  ;4661.03
41;7;93;EMP48367;Projetor portátil  ;3010.37
289;2;155;LYU95751;Puff organizador  ;2215.95
264;1;146;IEY25155;Rack para TV  ;4591.65
96;10;5;GUQ39226;Ralador de alimentos  ;597.1
143;2;143;JHV62824;Receptor de TV digital  ;2985.02
212;8;165;ARW18186;Relógio de parede  ;3592.36
174;13;116;NRI51629;Relógio inteligente  ;1307.5
76;2;88;TVM44273;Retrovisor para bicicleta  ;1165.0
1;5;121;RJO82472;Rolo de pintura anti respingo  ;191.94
103;3;20;SAD18539;Roteador de alta performance  ;341.79
226;1;73;MLV32747;Sapateira compacta  ;419.61
107;12;80;NTO52341;Scanner portátil  ;384.38
302;1;145;CJE12417;Secador de cabelo profissional  ;1976.15
270;9;11;FXA82735;Sofá cama  ;1881.66
162;10;44;HSD23293;Suporte para celular no carro  ;1997.77
183;10;9;MGF57264;Suporte para TV de parede  ;2063.53
126;4;51;RYI26435;Tablet  ;2531.27
170;5;172;CEX44749;Tapete antiderrapante  ;1110.46
149;10;139;DIJ94577;Teclado mecânico gamer  ;3603.54
225;3;114;OBW78925;Tenda para acampamento  ;4789.24
225;3;117;ASJ84987;Torneira com filtro acoplado  ;2225.06
69;1;33;TXR15346;Torradeira elétrica  ;1949.07
117;9;64;KDX32834;Transformador de energia  ;2166.67
265;1;71;SKC48683;Travesseiro ortopédico  ;4730.01
216;8;177;OOS61851;Tripé para câmera  ;1309.68
51;13;17;JOH48516;TV 4K  ;216.58
279;6;137;RUT16114;Umidificador de ar  ;712.86
135;12;58;PJB19845;Ventilador de teto  ;1577.15
277;3;55;WZJ86467;Geladeira Inox;2537.22
56;14;1;LLU13585; Micro-ondas Digital;2754.43
127;3;123;XTY86757; Camiseta Estampada;4129.69
233;14;43;EMT66627; Tênis Casual;663.05
64;6;173;CDY79792; Smartphone Dual SIM;340.98
104;4;90;NAB46641; Televisor LED;85.45
114;8;97;GIE97646; Fritadeira Elétrica;21.79
228;7;11;LWJ15959; Livro de Romance;1713.3
38;13;63;QLC33367; Cerveja Long Neck;261.63
111;2;114;VEG41736; Café Moído;1484.74
221;8;89;LLI75129; Farinha de Trigo;3109.14
145;2;161;FCK89995; Arroz Branco;309.73
184;4;20;SYG85123; Feijão Preto;1550.93
104;2;130;ZSU61969; Óleo de Soja;1094.68
53;1;74;QBC83926; Sabão em Pó;296.18
15;5;154;EDU27892; Papel Higiênico;4678.38
114;1;16;AME15818; Shampoo Hidratante;458.07
184;13;39;JOS26614; Desodorante Roll-on;1825.16
291;7;143;XYI79313; Escova de Dente;1179.84
253;4;23;FGJ73671; Pasta de Dente;1398.73
213;12;43;AEM49686; Fralda Descartável;2098.79
6;2;173;CCQ18224; Lâmpada LED;4347.42
146;4;38;PDZ77973; Bicicleta Urbana;964.03
70;6;185;TBO97468; Cadeira de Escritório;1920.43
85;2;110;TXF59385; Cama Box;1297.21
222;11;7;EDA87879; Sofá Retrátil;4671.31
273;11;178;XPY54956; Cozinha Compacta;1155.42
18;13;2;TUR29484; Fogão 4 Bocas;2772.31
89;2;190;HTN64798; Lava Louças;1629.8
227;3;86;KAG63472; Máquina de Lavar Roupas;2253.23
62;10;15;VDW91275; Lavadora de Alta Pressão;48.43
275;8;93;NCW24157; Saco de Lixo;1231.2
283;10;127;QJE35337; Luva de Borracha;963.77
66;12;92;MRY94758; Mochila Escolar;544.3
58;7;44;UBM41547; Bolsa de Couro;3144.6
165;8;47;FUT76951; Blusa Feminina;4118.44
137;7;92;BSR95127; Calça Jeans;2430.47
67;14;149;SXH17468; Jaqueta de Couro;810.14
125;4;88;CMJ94117; Tênis Esportivo;1625.56
163;13;61;UNY48327; Bermuda de Praia;1796.42
103;5;57;EAC47371; Relógio Digital;3867.17
208;1;134;JXL26991; Óculos de Sol;3541.38
172;13;38;BRA37967; Carregador de Celular;4843.09
170;14;38;ADQ91211; Bateria Automotiva;2471.48
28;5;117;DWM69361; Óleo Lubrificante;68.66
113;11;44;LNU45895; Filtro de Ar;1088.64
188;8;91;UQD39831; Placa de Circuito;3092.69
95;7;96;EYN67923; Mouse Sem Fio;4855.68
212;8;86;DET49332; Teclado Mecânico;800.82
157;3;10;XIW63243; Caixa de Som Bluetooth;341.98
201;13;160;GED38676; Headset Gamer;2823.78
87;12;15;ZCU75323; Câmera Fotográfica;2430.52
16;2;84;PMX48697; Tripé Fotográfico;947.28
45;13;109;DIQ77921; HD Externo;67.07
143;8;122;RVZ23848; Pen Drive USB;976.82
28;12;35;HBB17411; SSD Externo;2460.98
169;6;23;ZNK18167; Cartucho de Tinta;2289.73
196;10;72;OXA49619; Papel A4;171.58
160;14;33;EMH57551; Agenda 2024;3379.29
185;2;153;SWG35896; Caneta Esferográfica;2617.48
154;11;101;FMB32355; Fita Adesiva;547.56
21;9;90;USJ42819; Tesoura Escolar;3203.02
101;4;188;MTJ37549; Régua de Alumínio;3231.55
207;9;124;ZAB49944; Compasso Escolar;95.44
21;9;165;FEB75624; Caderno Universitário;53.12
24;10;80;WUO22776; Borracha Escolar;1434.51
153;3;118;JEQ23332; Fichário Universitário;3173.09
100;3;188;YXE22737; Calculadora Científica;4419.24
269;8;122;URC73799; Cola Branca;648.14
55;13;106;UEE56762; Tesoura de Costura;1371.25
174;11;4;ZPS65623; Cesto de Lixo;4306.31
89;3;26;FGE22694; Vassoura de Pia;4196.74
201;6;15;GYQ67638; Esponja de Aço;1863.14
252;13;131;TRB77649; Detergente Neutro;892.79
55;12;101;WUB58742; Desinfetante de Ambientes;3258.08
257;11;97;HBF77791; Amaciante de Roupas;2678.73
8;6;72;GDF66779; Limpa Vidros;1337.52
265;12;21;PYW24661; Água Sanitária;4251.83
61;3;175;LZB97715; Desinfetante de Roupas;4336.22
14;8;167;AEW59434; Polvilho Doce;3003.59
145;2;73;EMZ83813; Chocolate ao Leite;1315.12
237;6;71;MUN23592; Biscoito Recheado;2101.88
185;3;51;VRN76132; Bolacha Maria;2270.4
200;2;131;ODK57316; Suco de Fruta Natural;2052.77
195;9;175;SVG85269; Refrigerante de Cola;881.65
232;6;167;BYE85769; Água Mineral;2567.07
177;10;141;AEE46715; Salgadinho de Milho;2197.71
227;11;172;TFN27835; Batata Frita;1333.4
47;10;170;TVT79377; Cereal Matinal;1885.83
204;12;118;GYX16891; Café Torrado;4838.65
299;7;114;BEG52175; Leite Condensado;4930.29
54;1;5;WER84423; Margarina Cremosa;1239.62
286;10;80;HSG48797; Maionese Cremosa;1111.9
155;7;191;ZDY97486; Tomate Pelado;4927.51
51;9;192;ZKW64527; Azeite de Oliva;3193.85
158;6;78;KFS13871; Pasta de Amendoim;689.05
292;11;13;ZLU72225; Creme de Leite;293.15
153;10;21;RAD74131; Frango Congelado;3869.5
185;2;1;GMI55718; Linguiça Calabresa;2311.88
292;6;183;MIH72889; Bacon Defumado;3312.98
133;2;32;PUS39756; Carne Moída;463.44
300;7;148;GNH58499; Peito de Frango;1336.98
207;2;59;YXN67855; Salsicha de Frango;1625.01
210;12;119;HJB67799; Queijo Mussarela;587.95
86;2;142;DPR35628; Presunto de Perdigão;273.03
40;11;8;FEC59667; Requeijão Cremoso;1827.2
40;4;78;TFY58113; Picanha Bovina;4517.91
15;8;60;TEX33748; Peixe Congelado;3120.31
38;10;10;ASO17444; Pão de Forma Integral;1468.59
297;8;185;SRN42717; Pão Francês;2779.2
165;1;179;VUE46617; Pizza Congelada;2413.35
151;10;106;OSI47196; Bolo de Chocolate;3563.08
150;6;6;BGH55664; Pipoca para Micro-ondas;1194.02
143;1;99;ZJV48597; Bacon Frito;766.54
118;1;18;UZQ43962; Costela de Boi;1664.5
166;8;128;ZJJ11129; Coxinha de Frango;1849.86
89;4;77;SZD59941; Sopa Instantânea;1701.17
260;5;165;IYD21769; Purê de Batata;1097.4
101;1;177;PMG76568; Focaccia de Tomate;3821.52
168;12;133;LLI68165; Bolinho de Arroz;318.3
39;12;148;RCF19721; Massa de Pizza;1838.67
266;4;84;GAY27356; Lasanha Congelada;432.98
53;2;32;GIT75528; Pudim de Leite;328.35
55;10;33;MEJ81152; Pudim de Chocolate;833.96
126;10;167;JUD37976; Chá de Camomila;1185.99
208;9;135;FDS31774; Cereal de Aveia;2448.41
300;2;58;JZF49739; Biscoito Integral;2194.3
69;10;65;LRK78158; Gelatina de Morango;3795.11
167;8;95;NTG62941; Sopa de Legumes;833.67
279;5;96;VYJ88132; Mistura para Bolo;1556.39
3;6;62;TIO29781; Margarina Vegetal;1392.19
247;13;10;ATP38121; Molho Shoyu;431.13
179;9;58;BJE44918; Leite de Coco;3070.63
182;2;157;VIK26411; Carne de Sol;2383.97
5;12;6;WDP24493; Queijo Coalho;4513.72
82;7;76;UZW89964; Carne de Cordeiro;2919.68
152;14;142;RJU91179; Frango Assado;2918.9
100;13;187;EWI17552; Picanha de Alcatra;988.98
272;13;150;GZZ53411; Móvel para Escritório;490.87
225;2;26;GYZ28796; Estante para Sala;296.71
167;13;131;ZSO72926; Mesa de Jantar;4439.97
284;4;111;HHZ66451; Cadeira para Cozinha;3496.18
191;4;129;URB15935; Sofá de 2 Lugares;375.43
62;12;168;OAL15814; Poltrona Reclinável;1476.47
157;2;152;QIS48559; Prateleira de Madeira;3747.65
140;3;158;YNK36716; Cômoda para Quarto;4445.06
147;2;146;BZB95895; Armário de Cozinha;45.94
110;11;113;YDE27413; Guarda-Roupa;3171.3
16;11;169;SMZ38117; Penteadeira de Canto;1015.28
49;6;28;QQN48385; Espelho de Parede;4937.03
40;9;117;YYU55686; Mesinha de Centro;1078.24
84;12;43;VPQ18535; Banco de Madeira;1002.94
5;10;131;HRA54615; Cortina para Sala;1527.99
45;14;48;RHD53232; Tapete de Pelo;1258.77
295;14;81;JWD81457; Almofada Decorativa;4651.29
235;3;35;AVY14964; Abajur de Mesa;4686.64
157;5;79;APT38736; Luminária LED;3513.42
274;5;188;XYX22195; Cesto Organizacional;2046.54
133;7;123;HSM94944; Puff para Sala;3232.24
154;13;63;SJQ71972; Roupas de Cama;1500.01
181;1;156;SRX34698; Lençol de Algodão;113.17
233;7;144;APK49221; Cobertor de Lã;1824.2
237;7;35;UCR83629; Travesseiro de Espuma;4234.58
242;6;39;ISY21162; Colchão de Molas;2321.33
270;5;117;CFL67744; Manta de Sofá;2236.42
261;4;41;PDV73119; Toalha de Banho;3578.35
136;1;173;CVN97698; Jogo de Toalhas;3312.44
40;14;68;HQY18574; Kit de Utensílios de Cozinha;3636.26
19;2;95;SJS22976; Panela de Pressão;2650.67
236;1;9;OSO17592; Frigideira de Alumínio;3797.07
264;7;75;ZPE97584; Conjunto de Facas;2365.16
293;12;88;PTU93154; Tábua de Corte;4960.36
220;13;165;LPE57832; Assadeira Retangular;4147.33
67;13;158;MOC28147; Escorredor de Louça;4577.35
164;10;12;BRH65476; Escova de Limpeza;2263.89
5;6;111;HIG54942; Centrífuga de Roupas;1172.9
138;6;56;XLX27731; Arara de Roupas;834.35
123;11;77;LQL49751; Secador de Cabelo;4063.72
210;11;145;UNW13287; Corta Unhas;1916.65
40;3;50;HZD79913; Lixas de Unha;1533.01
20;8;51;MEB44952; Secador de Unhas;457.08
138;7;31;IEX55937; Rolo de Massagem;4739.42
71;6;28;PDP36266; Kit de Maquiagem;2334.29
244;3;41;OSC97241; Escova de Cabelo;4608.96
158;13;181;QMR18781; Secador de Cabelos Profissional;3553.77
127;9;130;QWS22143; Espelho de Maquiagem;3058.52
146;12;42;ZVE93316; Kit de Manicure;1773.65
170;3;111;YVT21352; Aparelho de Barbear;3681.25
173;3;13;WOV46754; Cera Depilatória;404.16
168;8;23;GAW62189; Pomada para Cabelo;18.48
139;6;85;LFM82338; Shampoo a Seco;874.27
234;12;5;KHI34123; Protetor Solar;4019.81
80;2;125;XWM15373; Hidratante Corporal;3058.64
167;7;34;MXE24553; Creme para Pentear;185.52
165;8;177;ZSY71776; Sabonete Líquido;4010.08
166;5;21;KMH68834; Desodorante Aerosol;4856.75
41;6;139;CUB97213; Limpador Facial;1827.77
234;11;61;YQR53634; Kit de Escova Dental;1831.61
261;9;84;TPU42376; Papel Toalha;1182.4
24;12;42;SKG95283; Higienizador de Ar;3979.07
105;12;53;RUO27564; Purificador de Água;1513.68
33;4;169;DZW47734; Aspirador de Pó;1610.57
60;8;179;VZW95918; Secadora de Roupas;1541.87
191;8;2;ICR66187; Máquina de Cortar Cabelo;2786.26
124;11;184;UOL73435; Chuveiro Elétrico;2335.87
118;4;131;GUI37336; Ventilador de Teto;488.16
116;1;5;HGQ86964; Ar Condicionado Split;2529.15
175;9;174;SZI26375; Aquecedor de Ambiente;4586.71
286;8;112;FZK19582; Rádio AM/FM;3583.78
184;10;146;YCE19998; Caixa de Ferramentas;876.82
127;13;126;DIW81295; Lixa para Madeira;668.15
296;2;175;HKD55111; Serra Circular;1253.56
230;14;165;ROV71593; Furadeira Elétrica;3566.23
203;2;112;YQK76125; Brocas para Furadeira;926.57
206;4;134;HUJ38941; Chave Inglesa;4982.98
105;12;138;ADA45574; Alicate de Corte;2299.53
257;1;14;MID12267; Martelo de Borracha;2406.67
183;10;77;JKJ42743; Trena de Aço;340.75
154;11;87;NCL82581; Nivelador de Laser;4930.86
270;7;92;DJP94785; Escada de Alumínio;1297.56
169;2;158;KVH39136; Pá de Jardinagem;4765.82
118;3;65;UBS46718; Regador de Jardim;204.84
177;2;138;GHQ72142; Vaso de Flores;2050.6
266;12;88;UWA98924; Sementes para Jardim;2396.31
88;13;65;QSP92588; Luva de Jardinagem;3003.94
55;10;119;HUE99646; Cadeira de Praia;2713.67
281;13;3;NFM39994; Guarda-sol de Praia;2625.1
13;9;125;LQP65189; Cadeira de Camping;1245.28
183;11;110;VAS26234; Barraca de Camping;4975.18
137;7;62;PDB85913; Saco de Dormir;2279.59
73;4;79;HQB23539; Lanterna de LED;1686.37
83;9;121;RCX59221; Faca de Acampamento;2368.33
291;11;108;HGD87273; Kit de Pesca;3317.4
81;6;152;LSZ55747; Relógio de Pulso;1948.28
46;4;191;HJP96931; Balança de Cozinha;643.64
132;9;27;ENC25916; Termômetro Digital;271.95
229;4;186;ZCK71228; Aparelho de Pressão;1186.41
21;4;12;KKC52954; Kit de Primeiros Socorros;3294.17
272;7;72;JQQ15563; Caixa de Som para Smartphone;2960.28
259;1;128;CZO95924; Bateria Externa;3391.26
123;10;2;OYF15947; Capa de Smartphone;1504.84
180;3;146;QQI75244; Película Protetora;1996.04
209;12;155;YSU85358; Suporte para Celular;4120.81
40;7;2;DOJ21195; Carregador Portátil;1141.66
184;12;79;CHN36691; Fones de Ouvido;3345.54
167;8;182;MBE83941; Alto-falante Bluetooth;2909.91
134;2;122;FSS67271; Rádio Digital;968.0
201;10;48;PQX99158; Equipamento de Ginástica;62.48
37;6;107;UTG97443; Halteres de Metal;1402.91
30;13;25;MAF31245; Saco de Boxe;1778.24
282;7;30;QIZ38757; Corda de Pular;3798.69
43;8;11;BCG58676; Tênis de Corrida;2000.32
245;1;56;AHQ11391; Protetor Bucal;186.59
82;5;79;SFF71148; Sunga de Natação;2004.83
281;12;144;KXY45896; Camiseta de Corrida;4679.84
260;10;23;URI45655; Bermuda de Ciclismo;605.91
151;13;79;QKV49937; Equipamento de Yoga;4873.2
270;11;24;OAJ86682; Tábua de Surfe;4964.09
133;12;87;BBN43428; Raquete de Tênis;4648.15
202;9;29;KXE46918; Bola de Futebol;4303.97
286;6;138;LXK43822; Bola de Basquete;1259.56
298;7;160;TCY29668; Pá de Beisebol;1721.56
55;5;20;JPZ31424; Raquete de Squash;1827.22
113;13;49;YZA27644; Abajur de mesa  ;1317.92
103;14;51;GZT55736; Adaptador de tomada universal  ;3066.4
266;5;167;VPD33896; Agulha de tricô  ;3159.88
255;8;152;XOS43762; Almofada decorativa  ;4305.64
118;6;85;SJB65895; Amortecedor para carro  ;3847.18
188;4;77;KMX37812; Antena digital  ;4574.64
280;13;4;PIM64697; Aparelho de barbear elétrico  ;313.62
62;10;59;SOP87748; Apontador de lápis  ;4837.16
39;7;1;VDA77682; Aquecedor elétrico  ;4874.8
217;13;5;MSB28498; Aspirador de pó portátil  ;2931.14
168;4;158;YNX16812; Balcão de cozinha  ;4367.22
81;11;153;KPE88516; Banqueta alta  ;1430.25
158;9;37;AYT99795; Barbeador manual  ;2194.55
206;3;154;KCF77828; Base para notebook com ventilação  ;2570.3
174;12;16;BVK92311; Bebedouro elétrico  ;1607.73
124;4;176;HHD75823; Berço desmontável  ;1106.45
135;6;43;MHI72356; Bicicleta ergométrica  ;3783.62
274;7;93;XDN97746; Bicicleta infantil  ;1944.7
44;10;109;UMI96481; Binóculos compactos  ;560.41
193;14;46;FCO94128; Bloco de anotações  ;4609.82
172;10;111;FIM33671; Bolsa térmica  ;3142.0
36;13;153;UFN97824; Botijão de gás  ;1811.91
266;7;32;BQA71672; Brinquedo educativo  ;3453.52
136;10;168;QVW31718; Cadeira de balanço  ;1513.29
103;12;32;PMJ63961; Cadeira de escritório ergonômica  ;4798.65
76;5;44;DUC88464; Cafeteira elétrica  ;3761.37
69;7;114;LQQ77526; Caixa de ferramentas  ;2787.73
213;13;178;VOU69955; Caixa de som Bluetooth  ;1558.52
133;6;59;TTZ99156; Cama dobrável  ;3959.89
258;3;181;BQN95711; Câmera de segurança  ;3656.85
11;9;187;RAA62149; Caneca térmica  ;4709.51
65;7;156;CMG29496; Carregador portátil (power bank)  ;1561.19
198;13;30;EBA84239; Carro de brinquedo  ;4722.44
253;4;90;ELP72865; Chave de fenda  ;1036.91
94;6;73;IAY89697; Chave de impacto elétrica  ;4938.33
178;13;19;JUO44344; Chinelos confortáveis  ;2204.44
14;4;131;MEM26833; Churrasqueira elétrica  ;4987.99
190;13;142;TYQ59457; Cinto de segurança para pets  ;2593.39
101;11;123;QGK81359; Colchão inflável  ;317.87
51;14;112;GVH16719; Coleira ajustável para cães  ;2381.29
231;8;178;LCQ74983; Computador all-in-one  ;706.17
293;12;79;HHF28988; Conjunto de facas de cozinha  ;3254.02
42;6;163;XPZ77758; Conjunto de panelas antiaderentes  ;2943.54
245;12;185;TDV75225; Conjunto de pincéis para pintura  ;2060.37
173;10;52;JYN23945; Cooler para bebidas  ;2643.06
244;8;38;VPP54144; Cortador de grama  ;2527.31
284;1;15;VKA34431; Cortina blackout  ;4864.5
297;13;72;BZH68579; Cuba de cozinha em aço inox  ;4396.97
137;14;43;UMI22911; Detector de fumaça  ;4287.7
27;5;150;XHT65689; Disco de corte para madeira  ;2936.34
132;2;147;IFB21486; Display de mesa para tablets  ;516.22
78;1;186;XGK79512; Dock station para notebook  ;356.21
90;4;61;GOV13772; Drone com câmera  ;558.81
35;14;106;CBT38986; Escada dobrável  ;4636.65
49;3;93;IHA62818; Escova de cabelo elétrica  ;1652.3
153;8;174;IIB81863; Espelho de aumento para maquiagem  ;68.19
244;10;173;ITL52248; Extensão elétrica com múltiplas entradas  ;1896.62
177;3;26;XJV62422; Ferro de passar roupa a vapor  ;4465.24
170;9;183;SLH74739; Fita adesiva resistente  ;364.95
128;11;123;CCI34119; Fogão portátil  ;2698.86
55;9;166;AXP65713; Fonte para computador  ;820.4
227;6;89;ZQH22416; Fragmentadora de papel  ;4177.22
12;8;167;DEP87496; Fritadeira elétrica (air fryer)  ;4404.97
99;2;9;GZH21569; Fruteira de mesa  ;4405.35
121;3;93;EMM53696; Furadeira elétrica portátil  ;1923.95
129;7;39;MQJ71723; Gamepad para celular  ;930.54
127;13;72;NEF88669; Garrafa esportiva  ;961.24
37;6;189;PDY18769; Geladeira de 2 portas  ;3793.68
263;12;88;HRC56351; Grampeador de mesa  ;777.97
40;4;39;GCY56685; Grelha para churrasqueira  ;4483.96
15;12;184;MTI29319; Grill elétrico  ;4793.12
170;2;71;JER58945; Guarda-chuva resistente ao vento  ;640.62
148;8;101;EGX73144; Headset gamer  ;1629.76
113;4;19;IEE36597; Hidratador de ar portátil  ;2140.26
66;4;34;TQT53852; Home theater compacto  ;4495.11
40;7;191;JII91474; Impressora multifuncional  ;2258.15
11;10;136;KHO36348; Jarra medidora com escala  ;3073.7
291;12;186;GPZ55398; Kit de jardinagem  ;3779.35
79;3;155;OPV97419; Kit de primeiros socorros  ;3516.6
108;11;182;XVQ19127; Lâmpada LED inteligente  ;910.23
132;5;70;DWG43219; Lanterna recarregável  ;3629.78
91;4;170;TJX14959; Lente de aumento portátil  ;2459.91
104;10;129;ULK58485; Liquidificador industrial  ;2503.45
95;9;41;BYN44971; Lixeira com pedal  ;956.49
129;3;84;KDK64557; Luminária de parede  ;965.28
169;10;20;QAZ54764; Maleta para ferramentas  ;4009.11
44;2;170;ZBA24687; Martelo de borracha  ;292.3
258;13;68;POH77676; Mesa dobrável para camping  ;3589.75
207;3;37;MYP41659; Mesa para computador  ;1907.09
144;8;61;MJC45533; Mini ventilador USB  ;4234.65
61;14;121;DFG34864; Moedor de café manual  ;2254.24
255;14;83;AHC44642; Mochila anti-roubo  ;4045.75
176;1;127;ODR36743; Monitor de frequência cardíaca  ;126.46
26;14;32;TTX69642; Monitor para computador  ;4614.27
234;8;162;LHE34251; Mouse sem fio  ;428.44
20;6;30;FUT34641; Multiuso para banheiro  ;1770.99
246;5;135;TLD96958; Notebook  ;83.58
34;7;108;GXH62581; Óculos de realidade virtual  ;698.74
98;6;100;TDS16949; Organizador de cabos  ;1560.17
154;4;79;KYU13668; Organizador de gavetas  ;3070.56
16;3;30;KDX22732; Painel solar portátil  ;674.27
97;14;167;PNG31346; Paleteira manual  ;4501.61
7;7;169;ZKW99216; Panela elétrica multifuncional  ;1425.16
302;12;19;LRD62917; Parafusadeira sem fio  ;815.52
35;12;57;DHH66324; Película para smartphone  ;1438.64
194;1;9;BUM87418; Pendrive de alta capacidade  ;2560.98
44;11;92;ZBW84871; Pen drive com conector duplo  ;2552.69
71;9;100;VGV82825; Penteadeira com espelho  ;3444.88
53;14;17;PQD53922; Pipoqueira elétrica  ;3710.67
236;12;119;LEF84149; Placa de vídeo para computador  ;1532.66
26;6;39;VMD17745; Plaina elétrica  ;4412.14
235;13;152;CEO11167; Poltrona reclinável  ;1646.24
242;1;33;YLV52929; Porta cápsulas de café  ;88.35
142;12;84;WTF74841; Porta condimentos giratório  ;3732.64
187;2;178;NGH48433; Porta ferramentas  ;1523.33
223;8;102;CPQ16752; Porta retrato digital  ;4259.06
151;8;66;QBQ66213; Projetor portátil  ;2705.7
125;14;34;VJZ94578; Puff organizador  ;4746.54
267;8;142;TDF28998; Rack para TV  ;1453.03
53;7;126;BYH92957; Ralador de alimentos  ;1068.68
230;13;166;IEX54236; Receptor de TV digital  ;183.96
103;8;157;XGQ26589; Relógio de parede  ;1882.75
133;1;85;WPB24756; Relógio inteligente  ;3758.59
114;13;181;FJP68171; Retrovisor para bicicleta  ;2073.4
287;4;36;QYM75542; Rolo de pintura anti respingo  ;2372.3
210;1;99;COG15527; Roteador de alta performance  ;1775.09
217;2;13;RZE31789; Sapateira compacta  ;3002.62
186;13;143;YFL78862; Scanner portátil  ;2253.22
262;12;50;PLU16747; Secador de cabelo profissional  ;662.94
73;7;149;OAV13234; Sofá cama  ;3616.47
81;10;59;KMY97581; Suporte para celular no carro  ;871.53
62;1;187;XSH53972; Suporte para TV de parede  ;565.65
283;10;186;EJM47948; Tablet  ;4599.78
28;10;83;BNJ73144; Tapete antiderrapante  ;2383.16
294;10;105;PXS78347; Teclado mecânico gamer  ;4519.45
173;3;99;DFW18416; Tenda para acampamento  ;3761.55
76;9;28;HCD96766; Torneira com filtro acoplado  ;284.97
83;9;48;EFT45122; Torradeira elétrica  ;1112.25
207;11;39;DRA23579; Transformador de energia  ;2787.56
187;4;9;SJV84442; Travesseiro ortopédico  ;2331.19
96;10;127;DPK45737; Tripé para câmera  ;1103.83
167;2;66;CTK47652; TV 4K  ;833.63
219;13;157;JLG45559; Umidificador de ar  ;90.09
285;1;72;NZF86815; Ventilador de teto  ;108.3
127;10;58;VOH26494; Ventilador de mesa  ;1446.2
34;2;58;HYH54394; Caixa organizadora empilhável  ;1313.42
239;14;14;QTS81495; Tábua de passar roupa  ;2620.59
85;13;150;PSA27124; Fone de ouvido sem fio  ;1446.07
234;6;12;DWD43697; Chave combinada  ;2652.47
79;13;144;LRB22651; Organizador de sapatos  ;2496.35
23;1;13;APB72429; Cadeira de praia dobrável  ;3876.87
59;13;96;EXC57172; Kit de pintura artística  ;3908.55
168;14;26;MBZ14237; Carregador sem fio para celulares  ;56.66
204;13;118;AWI59368; Smartwatch esportivo  ;1869.38
201;12;125;SMB14911; Mala de viagem rígida  ;1276.19
31;10;89;YKI54663; Cavalete de madeira  ;713.61
129;8;121;BPB78489; Jogo de pneus para carros  ;1036.28
265;14;43;GBG85169; Lava-jato portátil  ;4148.94
194;4;189;LUE84782; Cabides antideslizantes  ;2616.37
37;6;52;WAE71333; Espremedor de frutas  ;706.24
20;7;47;YEL87667; Mousepad ergonômico  ;2687.26
195;14;115;YCC29526; Micro-ondas compacto  ;4473.0
137;7;89;ISS84448; Aparelho de som portátil  ;3520.45
239;11;44;AIY45783; Fone de ouvido intra-auricular  ;4180.37
15;14;99;IQC19784; Cama elástica infantil  ;3444.58
199;2;186;XOD61298; Banco de academia ajustável  ;2554.05
87;2;182;ZAU84285; Corda de pular fitness  ;363.58
249;1;20;WOA23673; Jogo de chaves allen  ;841.36
212;6;30;NFT65814; Smartphone  ;4411.66
265;11;171;IDS26485; Base de carregamento para relógio inteligente  ;3175.49
54;10;11;KEH64236; Capa protetora para tablet  ;4570.13
27;14;172;HBM95852; Relógio despertador digital  ;898.51
269;2;105;PEM24291; Frigobar compacto  ;3375.6
158;14;177;FWL65979; Estante de livros  ;871.19
113;1;165;PAA47523; Kit de rolo para pintura  ;1556.88
302;11;108;RRL52715; Armário de aço  ;1228.55
215;5;145;XER22632; Pipoqueira de alumínio  ;3997.42
205;6;88;OXY51544; Ferro de passar a seco  ;1276.76
173;14;94;USD79273; Purificador de água  ;135.07
142;9;48;TVO94422; Batedeira planetária  ;1541.09
183;11;50;KIS62233; Cortador de cerâmica  ;3908.81
79;4;39;IUO13967; Rolo de espuma para pintura  ;4043.17
96;3;10;LOC58777; Detector de metais portátil  ;3169.0
118;7;170;LJG66748; Estufa para plantas  ;357.12
137;14;49;BNU52553; Torneira gourmet  ;595.18
295;13;56;XTQ71728; Base para ducha higiênica  ;1002.79
86;6;5;LWJ67656; Luminária articulada de mesa  ;1741.58
35;11;33;QGW31966; Cortador de legumes em espiral  ;4867.95
93;1;130;PLP56112; Mochila com compartimento para notebook  ;2709.17
38;11;89;KAK98138; Bomba elétrica para encher pneus  ;2357.07
295;9;56;ZCN92467; Suporte ajustável para notebook  ;1406.7
24;14;179;DUE61139; Relógio de ponto eletrônico  ;4507.83
69;14;123;OVT25354; Chave de roda articulada  ;1069.59
212;6;108;KQF12229; Capa de chuva impermeável  ;4838.8
105;1;189;JDD71971; Mesa de centro retrátil  ;1721.05
179;4;2;LMQ25532; Jogo americano de mesa  ;572.43
114;9;89;KFE92497; Moldura para quadro  ;420.22
215;2;8;GUX88931; Banco dobrável portátil  ;4629.8
54;6;27;QII11832; Aspirador robô  ;667.29
9;3;120;WEJ99997; Câmera fotográfica DSLR  ;1680.41
292;3;143;QWT24839; Dispenser automático de sabonete  ;2172.83
249;6;102;YXT16287; Caneta 3D para desenho  ;984.88
261;14;153;WIW81381; Máquina de lavar portátil  ;1118.31
19;2;85;SGJ78636; Painel de ferramentas magnético  ;4009.33
87;14;154;UYS19579; Extensor de sinal Wi-Fi  ;1368.74
208;13;86;PQL24732; Suporte para bicicleta de parede  ;451.24
49;3;188;ULL75959; Fritadeira elétrica de grande capacidade  ;3870.16
164;10;7;LCY52822; Luminária solar de jardim  ;3634.49
191;9;31;PAI46422; Placa de corte para cozinha  ;207.45
26;11;40;BQU65357; Relógio de mesa vintage  ;4562.98
29;3;119;OCI67514; Triciclo infantil  ;310.42
17;10;2;XAW53764; Aquecedor de água instantâneo  ;3987.43
227;12;25;AXW45391; Ventilador de torre  ;2926.47
103;1;154;LGY88538; Mixer de alimentos  ;1644.63
45;11;5;FPP61915; Jogo de talheres de inox  ;2277.7
4;6;17;XFW17279; Cortador de vidro manual  ;3545.83
32;10;183;WOV63915; Moedor de carne manual  ;2071.18
168;6;33;QAL88542; Panela de pressão elétrica  ;15.24
258;6;79;BCG55273; Faca elétrica para cozinha  ;2929.05
287;9;20;HKY86447; Fonte para aquário  ;1721.7
196;1;188;WHJ89388; Mala organizadora para ferramentas  ;378.26
2;14;149;XJA95311; Tapete de ioga antiderrapante  ;2737.27
16;9;44;IJK66625; Caixa de som à prova d'água  ;4061.55
84;12;171;QKI87579; Rede de descanso com suporte  ;968.13
166;3;187;MQZ33767; Jogo de lençóis de algodão  ;1820.8
47;14;88;MVF26715; Prancha alisadora de cabelo  ;130.64
213;14;139;IJE52415; Tenda gazebo para eventos  ;624.44
241;11;16;PKN69822; Lâmpada de emergência recarregável  ;4139.12
112;2;48;NNX33399; Organizador de bancada de cozinha  ;3878.47
158;4;30;JPQ71221; Balde dobrável de silicone  ;1979.2
252;2;87;YMS93588; Pistola de pintura elétrica  ;4855.68
109;8;5;NZK72214; Forno elétrico  ;1604.06
131;6;34;LJA78526; Estante de aço modular  ;769.42
242;2;118;OYG67994; Kit de conserto de pneus  ;1863.83
18;8;80;HPR98722; Guarda-sol articulado  ;2512.42
268;4;58;FEG33719; Relógio analógico resistente à água  ;2714.47
62;8;126;QDD87511; Maleta de maquiagem profissional  ;1809.95
268;14;39;KTT76177; Cabine de luz UV para unhas  ;4032.8
192;9;17;WJR64573; Termômetro digital de cozinha  ;58.54
12;3;47;GRU17969; Vassoura elétrica sem fio  ;2018.79
75;8;163;VKE32836; Limpador a vapor portátil  ;4843.41
15;1;98;FLW56555; Carrinho de compras dobrável  ;3061.66
191;12;89;OKG45276; Pistola de cola quente  ;4907.56
48;6;66;KGF65315; Cortador de frios elétrico  ;3376.66
249;10;81;YRZ57256; Aparelho de massagem portátil  ;4485.63
121;3;87;IZG36494; Espelho retrovisor inteligente  ;2188.89
78;9;83;JES68126; Ventilador de chão industrial  ;3907.69
174;8;24;NBV33255; Rádio portátil retrô  ;977.72
75;12;113;IBR66225; Caixa de armazenamento empilhável  ;2136.67
217;1;147;OAW61846; Mochila tática militar  ;547.86
172;2;124;JGZ71759; Conjunto de churrasco em aço inox  ;477.98
45;14;141;UUB87232; Câmera esportiva à prova d'água  ;2732.41
275;3;82;CYA25265; Jogo de chaves combinadas  ;2350.09
162;8;112;CHW29744; Panela wok antiaderente  ;4571.69
42;12;72;RZZ14519; Máquina de costura portátil  ;4990.17
43;4;40;UNT62941; Mini compressor de ar  ;2843.3
79;6;129;NAT38465; Óculos de sol polarizado  ;580.83
39;12;148;JSO85948; Alicate universal  ;2277.15
29;11;69;RMW92521; Suporte para TV articulado  ;4134.08
94;1;136;DUW74167; Rede mosquiteiro portátil  ;1736.63
278;1;67;WEQ16653; Alarme residencial sem fio  ;1739.02
66;7;23;VJP15378; Disco rígido externo  ;1989.91
147;14;142;WTC26768; Prateleira flutuante de madeira  ;1684.49
216;7;169;JRN53587; Máquina de cortar cabelo  ;3806.67
166;1;81;RRK18657; Balança digital para cozinha  ;3617.06
126;5;5;TSZ59669; Bomba submersa para água  ;919.45
1;10;145;CBZ41682; Cabideiro de madeira  ;3331.04
102;12;84;HHD92862; Fita métrica retrátil  ;2315.54
102;13;138;WLB14852; Cesto de roupas dobrável  ;2417.72
183;8;108;XQG65156; Garrafa térmica de inox  ;4841.83
223;7;30;LLO56894; Aspirador de pó automotivo  ;4061.98
234;9;5;ENW82183; Canivete multiuso  ;2067.52
227;9;43;PGX96345; Filtro de linha com proteção  ;4972.51
285;12;45;OPV55658; Organizador de documentos  ;917.46
121;14;43;LGS92926; Mesa de jantar extensível  ;3086.55
295;8;32;VIO85721; Cadeira de refeição para bebês  ;2825.71
264;2;45;LNO46747; Aquário com iluminação LED  ;2320.87
103;13;47;VMI74521; Kit de microferramentas  ;1360.24
259;3;116;WZT93383; Lixeira para carro  ;2011.82
97;6;116;ERN55516; Tesoura de poda  ;2809.02
135;3;118;KDX83629; Espelho decorativo  ;1548.42
19;12;180;VCE62528; Cortador de unhas elétrico  ;1477.17
53;10;155;GOA18742; Máquina de fazer pão  ;1767.47
70;14;144;SMR62387; Martelo de carpinteiro  ;2895.29
49;8;80;DEU81137; Painel de LED decorativo  ;736.22
29;4;101;JIB25426; Fritadeira sem óleo de grande porte  ;1531.3
148;7;181;JRS92738; Relógio de pulso esportivo  ;4460.57
2;1;169;HVF38956; Rodo mágico para limpeza  ;958.93
275;12;49;YRA55742; Fechadura eletrônica  ;511.31
33;12;74;JNQ79946; Torre de tomadas retrátil  ;2718.65
181;8;28;BYL31616; Estufa elétrica para alimentos  ;797.68
88;8;114;PTN43836; Organizador de porta  ;1704.1
39;11;20;OUX45384; Colchão ortopédico  ;1184.61
300;5;162;IWV97384; Sensor de movimento para lâmpadas  ;3546.89
182;7;15;ADT81971; Caixa de som com rádio FM  ;4026.53
207;7;70;MQG35675; Espátula de silicone para cozinha  ;2184.84
181;1;40;ICG75257; Guarda-roupa modular  ;729.45
196;4;19;SKE81913; Máquina de lavar louça  ;306.2
284;7;74;AHL46335; Banco de ferramentas hidráulico  ;3135.78
2;14;168;UKV85312; Suporte para micro-ondas de parede  ;2436.53
267;8;56;KCF85226; Microfone de lapela  ;1763.96
54;4;153;WVX22357; Toalheiro elétrico  ;1882.93
285;11;52;RSJ88319; Relógio de parede digital  ;58.43
133;8;110;IIA47352; Capas protetoras para cadeiras  ;3371.46
172;4;45;LLI41181; Kit de resistência elástica para exercícios  ;2464.85
83;1;114;KIF76294; Jogo de copos de vidro  ;4631.69
61;6;80;CAQ49554; Dispenser de água automático  ;4024.01
76;14;55;RJN49539; Kit de travesseiros ortopédicos  ;2077.86
117;1;1;VBU37595; Máquina de estampar camisetas  ;196.87
215;12;79;JUW16987; Forno micro-ondas com grill  ;1406.76
27;7;7;GFS56726; Chave de torque ajustável  ;2036.39
268;9;160;TDB65233; Banqueta dobrável portátil  ;1962.84
285;5;163;FSQ85352; Tapete de entrada antiderrapante  ;2326.31
214;14;56;XUQ76226; Bebedouro para pets  ;1716.68
166;8;54;XAE45241; Conjunto de ferramentas elétricas  ;2936.64
6;14;105;DKH92886; Vaso de plantas decorativo  ;3682.97
101;3;86;GBC49622; Trava de segurança para janelas  ;1494.81
178;9;94;GYC42314; Conjunto de organizadores de plástico  ;4785.61
272;6;37;IQV88833; Aparelho de ginástica multifuncional  ;3723.69
23;14;79;NKH38147; Balcão buffet com gavetas  ;2293.31
87;1;99;XJD19792; Dispenser de álcool em gel automático  ;2685.98
159;12;182;XBX45948; Base giratória para televisão  ;3102.35
266;10;16;CCV79194; Fogão cooktop de indução  ;2228.53
156;5;112;JYT68997; Conjunto de malas de viagem  ;3265.61
190;6;63;RCA12676; Fechadura biométrica  ;4703.56
177;7;102;TKO35688; Parafuso de expansão  ;964.03
226;5;36;JPO17445; Maçarico culinário  ;1282.98
224;3;87;KDO11648; Protetor de colchão impermeável  ;1851.73
234;13;145;SIL65885; Almofada massageadora elétrica  ;2027.25
225;13;131;MEN94712; Berço portátil com mosquiteiro  ;3363.45
145;11;90;BHV95955; Disco para halteres  ;4878.01
87;1;98;QPE52652; Ventilador de exaustão  ;3610.29
256;7;65;GNM91871; Jogo de brocas para furadeira  ;4755.35
259;7;109;JEZ92535; Tapete lavável  ;3638.75
124;1;119;ERY21787; Conjunto de potes herméticos  ;136.53
36;2;101;PUY88648; Máquina de corte a laser  ;1301.61
39;11;103;IEC46294; Roteador mesh Wi-Fi  ;694.58
113;9;92;HRB28829; Carrinho de mão dobrável  ;245.51
13;7;65;CBU83195; Manta térmica para sofá  ;3539.17
76;7;103;CJB33962; Organizador de panelas  ;4793.82
278;1;123;LFS15361; Kit de suporte para bicicletas  ;901.72
130;4;117;CFL17645; Caixa de som torre  ;257.32
218;11;122;CNP79185; Filtro de água portátil  ;1005.04
293;6;125;UNN37759; Mesa de cabeceira com gavetas  ;3451.73
56;6;144;TLD55139; Poltrona de balanço moderna  ;1431.94
115;4;24;UHW52577; Relógio despertador analógico  ;4286.17
186;11;18;NSA61428; Toalha de microfibra  ;3517.58
284;14;113;ZIB64944; Espremedor de laranja manual  ;3787.27
68;4;96;QEB75963; Organizador de pia de cozinha  ;2957.99
178;11;68;HRC35583; Prancha de remo inflável  ;2143.34
155;3;7;BWC86977; Lixeira inox com pedal  ;436.33
165;5;177;LJD54741; Rede de proteção para varandas  ;4984.55
278;14;59;JZV29585; Maleta organizadora com divisórias  ;2275.19
101;6;64;FAM89234; Escada multiuso articulada  ;277.93
196;9;138;IXF43822; Conjunto de tapetes para banheiro  ;1055.15
222;6;175;OZI27934; Caneta laser para apresentações  ;4807.45
224;7;117;LAL55476; Organizador de ferramentas magnético  ;2846.43
203;9;7;ZAA16247; Fone de ouvido bluetooth com cancelamento de ruído  ;3808.13
163;5;70;XBE16653; Kit de costura completo  ;3429.93
186;13;23;HQO22988; Carrinho de transporte dobrável  ;4788.66
213;1;150;TWX48155; Conjunto de vasos autoirrigáveis  ;3890.03
245;9;76;MJZ54734; Aparelho de barbear elétrico  ;2049.07
210;13;149;SRO52431; Coifa de parede inox  ;1436.38
264;11;68;NJR63449; Espelho para maquiagem com LED  ;4440.78
207;14;37;VAM61934; Aquecedor portátil a óleo  ;351.49
283;7;139;YBR57983; Conjunto de porta-retratos decorativos  ;3699.76
249;14;182;UPY29814; Mochila para camping impermeável  ;63.6
256;6;186;RGM91492; Balança digital para bagagem  ;794.15
300;8;114;YFQ53295; Lupa de bancada com iluminação  ;3867.24
54;11;121;ZJY54932; Mesa de estudo com regulagem de altura  ;3420.83
296;3;107;PRF17135; Serra tico-tico elétrica  ;4822.72
70;1;50;VRH61288; Organizador de cabos flexível  ;832.85
218;6;83;MKQ56325; Cadeira de massagem reclinável  ;1507.44
215;8;151;UKT59162; Aparelho de pressão digital  ;230.36
37;12;191;ARE54822; Aspirador de pó sem fio  ;3422.4
295;5;21;JFT43721; Máquina de lavar pressão  ;1239.64
63;3;148;XQX47218; Conjunto de potes para armazenamento a vácuo  ;3301.69
260;12;122;NER64161; Triciclo dobrável para adultos  ;1863.8
195;8;9;MFW31125; Mochila escolar com rodinhas  ;4046.59
139;4;113;KTR42993; Ventilador de teto com luminária  ;2943.31
296;4;66;ZPG48894; Protetor de sofá impermeável  ;3508.01
263;14;14;TPL33767; Luminária pendente decorativa  ;3256.0
191;9;155;JUQ26436; Suporte para ferro de passar roupa  ;3963.09
144;8;9;TOU39151; Estação de solda portátil  ;2365.56
231;5;190;IPB33962; Tapete antiderrapante para banheiro  ;1197.44
289;10;72;ZZD46439; Conjunto de colheres medidoras  ;752.22
92;1;1;RJU23797; Coletor de pó para furadeira  ;3019.72
65;8;56;XVJ63153; Kit de sensores de alarme residencial  ;422.77
191;1;127;GLC18718; Cadeira gamer ergonômica  ;3961.58
248;4;192;KDG23726; Caixa de ferramentas multiuso  ;750.54
169;9;79;AGV66949; Jogo de panelas de cerâmica  ;2533.52
115;14;10;NRK27867; Poltrona reclinável elétrica  ;2591.47
46;2;61;KSX35957; Plafon de LED embutido  ;4264.54
34;14;71;RAY26782; Conjunto de facas de chef  ;594.53
51;6;14;EVJ89548; Esteira ergométrica dobrável  ;3275.16
245;10;16;ATF62273; Kit de cabeceira de cama estofada  ;3894.01
70;12;187;JMY44166; Fechadura eletrônica com senha  ;1004.97
186;8;20;RYW88197; Armário aéreo para cozinha  ;4251.89
92;1;108;NHS12667; Máquina de fazer sorvete  ;1679.02
201;12;165;FBV72574; Panela de arroz elétrica  ;802.4
38;10;123;RKQ84954; Organizador de sapatos vertical  ;508.66
197;5;104;QVV24452; Jogo de toalhas de banho de algodão  ;2648.73
198;4;24;PGD93983; Aquecedor de toalhas elétrico  ;1531.88
103;6;54;HKY52552; Extensão elétrica retrátil  ;2221.89
86;5;46;MTG85285; Mesa de trabalho com prateleiras  ;4831.12
133;14;140;JNE63996; Tábua de passar roupa com suporte  ;297.89
252;3;78;OSV93311; Conjunto de taças de cristal  ;4043.12
65;8;40;BBU15752; Rádio relógio digital  ;1010.27
114;12;98;AZN64152; Dispenser de detergente para pia  ;558.56
29;14;27;MVC21396; Luva térmica para forno  ;1009.95
249;1;166;WSB98247; Painel decorativo para sala  ;2563.42
54;10;15;KSI42998; Colchão inflável com bomba embutida  ;4733.5
139;6;49;NAP12239; Máquina de cortar grama elétrica  ;4044.93
153;6;30;BXY33255; Conjunto de quadros decorativos  ;2020.42
153;12;101;DLP53581; Aquecedor de ambiente cerâmico  ;2683.66
243;8;173;RDJ86699; Bolsa térmica para alimentos  ;2322.61
151;1;122;MAX42829; Cadeira dobrável portátil  ;670.08
253;8;52;BCN12167; Filtro de água para torneira  ;3210.22
181;12;71;GBU86626; Guarda-sol com proteção UV  ;2162.03
17;4;176;YLQ47635; Carrinho de transporte industrial  ;3420.9
220;3;83;ROO93215; Aparador de cabelo e barba  ;2814.19
287;13;161;EKF22166; Jogo de pratos em porcelana  ;1687.79
153;14;109;EGR75777; Ventilador de coluna oscilante  ;2429.23
133;7;183;PHW55288; Armário de lavanderia multiuso  ;557.37
97;12;136;AOV89569; Mesa de computador compacta  ;67.02
223;3;95;TRC66194; Capa protetora para sofá retrátil  ;1782.65
236;5;73;DGR99819; Aparelho de telefone sem fio  ;4410.0
84;10;15;DQU59786; Kit de limpeza automotiva  ;1832.15
89;13;112;WOA23786; Conjunto de medidores de pressão para pneus  ;3802.02
216;8;122;EIS68738; Ferro de passar portátil a vapor  ;3184.31
86;14;172;DMQ93579; Luminária de emergência com LED  ;3995.82
174;14;70;KZH13713; Varal dobrável para roupas  ;229.83
72;10;109;GUH88173; Máquina de lavar compacta  ;3141.01
70;10;36;SWP42825; Filtro de carvão ativado para ar-condicionado  ;2948.55
197;5;104;BSF89127; Capas para almofadas decorativas  ;1845.07
18;1;188;NJD14328; Cadeira de balanço para varanda  ;1506.62
128;12;114;GIO54719; Mochila de hidratação para esportes  ;1855.97
14;7;118;DPZ57977; Escorredor de louças compacto  ;169.48
114;8;166;KYK71673; Relógio digital de parede  ;2484.72
226;4;12;QIH26786; Jogo de talheres de bambu  ;1896.86
113;13;78;UFT52112; Lixeira com sensor automático  ;2372.31
216;2;53;AYF24551; Kit de jardinagem completo  ;3913.22
66;1;170;GSQ24197; Pistola pulverizadora para pintura  ;2164.54
142;2;75;RBM83158; Estação meteorológica doméstica  ;4478.27
41;11;121;RMR68149; Jogo de pesos ajustáveis  ;2518.39
157;8;144;MMF62231; Conjunto de cestos organizadores  ;3142.48
207;2;82;UUO34533; Caixa organizadora com tampa  ;1632.4
56;11;3;FAD57138; Prateleira para banheiro com ventosa  ;3152.11
102;8;93;QGX82462; Aquecedor de biberões  ;500.37
165;11;49;RSB21416; Máquina de crepe elétrica  ;2513.98
200;12;127;YLN41956; Jogo de ferramentas para bicicleta  ;1419.9
170;14;151;YKB21336; Banco de jardim em madeira  ;4571.43
29;4;97;THE51277; Estufa de plantas portátil  ;18.02
253;7;90;DQV66369; Fritadeira elétrica industrial  ;2308.34
272;14;12;SKH38222; Tábua de corte de bambu  ;315.59
264;5;148;YIY95358; Conjunto de luminárias para jardim  ;3532.17
266;13;76;EFP88264; Arara de roupas com rodinhas  ;3484.64
222;4;81;EZB15526; Espelho adesivo decorativo  ;2118.84
99;4;12;BUA94441; Suporte para teclado ergonômico  ;1896.61
272;10;148;KTX95952; Dispenser de papel toalha automático  ;2015.08
144;12;33;DKW37848; Conjunto de facas japonesas  ;803.67
9;12;173;HZB11571; Armário de ferramentas com gavetas  ;3810.24
66;4;161;ZVF96987; Aparelho de remo ergométrico  ;3012.4
224;13;55;GMQ61778; Mesa de apoio dobrável  ;1896.73
249;4;51;TNN15158; Conjunto de pratos quadrados  ;4523.56
194;1;135;UVF84193; Varredeira de piso manual  ;1085.94
296;4;172;SLJ46365; Relógio de pulso com monitor de frequência cardíaca  ;1589.44
14;10;30;XAR42168; Banheira inflável portátil  ;716.79
134;4;175;ESP84248; Tapete térmico para aquecimento  ;1351.42
176;7;71;WGR62253; Organizador de gavetas expansível  ;4312.29
267;4;60;NZY73938; Conjunto de frigideiras antiaderentes  ;714.49
161;6;131;MBP16585; Fogareiro portátil a gás  ;3521.82
92;3;159;IAT89651; Aspirador de pó com filtro HEPA  ;4735.08
197;9;145;VOL72861; Mala de viagem expansível  ;2618.87
212;14;71;ROQ97289; Banco organizador com almofada  ;1489.65
272;1;16;SGU69398; Kit de adesivos decorativos para paredes  ;3914.75
88;4;152;JFG56865; Kit de cabides antiderrapantes  ;2416.88
84;2;162;JVQ75394; Ventilador sem hélices  ;1766.41
263;14;91;JRP17125; Espelho para retrovisor de carro  ;3648.36
53;14;27;CIH84984; Conjunto de caixas acústicas  ;3788.5
31;11;111;PTP21556; Armário modular para escritório  ;1810.45
36;9;4;RXB42348; Mesa lateral com porta-revistas  ;139.01
156;11;101;FEW24774; Máquina de costura semi-industrial  ;355.86
168;11;174;HSE52847; Luminária articulada para escritório  ;3512.04
52;1;185;LFD93536; Mochila para câmera fotográfica  ;115.51
119;10;88;GSD56537; Organizador de bijuterias para armário  ;1202.01
182;7;106;LQA82254; Suporte de garrafas para bicicletas  ;1819.65
225;14;37;TOK54684; Aquecedor de lençóis elétrico  ;4137.84
93;3;122;PZQ79153; Conjunto de espátulas para pintura  ;904.85
295;5;145;TUU29698; Trena digital a laser  ;4731.91
254;8;1;ZCR65937; Garrafa térmica com bico retrátil  ;1230.85
182;7;185;ZHW72452; Relógio de pulso solar  ;4983.37
35;12;66;FAW93145; Balança de banheiro digital  ;362.92
69;10;141;YVM46471; Organizador de cabos com zíper  ;2553.72
43;2;92;YMC26545; Prateleira para livros infantil  ;1673.21
173;12;117;RSV79928; Relógio inteligente com GPS  ;3028.63
54;6;110;VVA85169; Máquina de cortar madeira portátil  ;1005.61
160;2;69;SLV51323; Kit de proteção para esportes radicais  ;3713.06
117;11;29;UUF37756; Organizador de geladeira com divisórias  ;3160.36
78;14;28;HJM95143; Bicicleta dobrável urbana  ;585.16
215;4;49;VNQ33138; Capa de colchão impermeável  ;2625.33
214;7;169;NHN79151; Sistema de irrigação automático  ;845.01
206;10;22;YBO86536; Porta-chaves magnético  ;2458.79
32;6;106;JYY37522; Cortador de tecido industrial  ;2671.73
251;13;12;BSN31539; Maleta de primeiros socorros  ;1668.13
91;11;57;OAV24895; Espelho com aumento para maquiagem  ;3823.99
7;13;38;RSO54935; Filtro de água central para casa  ;2152.68
208;8;29;EGX96635; Máquina de polir carros  ;3527.38
22;8;102;EBH24236; Mesa infant;2102.47
28;4;14;MAP33857; Luminária solar para jardim  ;1272.88
173;2;76;AWH62622; Bomba de ar elétrica portátil  ;4827.89
255;9;176;THW55877; Rack para TV com gavetas  ;4814.12
254;6;75;PIB16146; Detector de fumaça residencial  ;3963.67
261;12;17;PED99161; Kit de ferramentas para eletricista  ;2858.48
187;1;50;HBM59269; Toldo retrátil para varanda  ;4431.3
214;9;158;XKO35635; Conjunto de colheres de silicone  ;1333.46
141;14;21;PZU68379; Cadeira de praia dobrável  ;1247.03
33;13;51;YMJ64682; Quadro branco magnético  ;2920.6
77;11;57;JWQ56645; Lente de aumento portátil  ;4140.08
84;10;177;OUQ11347; Aparelho de massagem portátil  ;1082.87
81;11;116;SFZ53264; Tapete infantil educativo  ;3080.08
193;10;126;EUL67669; Trava de segurança para janelas  ;4365.4
30;4;158;VHK36331; Conjunto de tapetes antiderrapantes  ;2523.66
208;14;180;NWO68992; Suporte para tablet ajustável  ;4333.9
244;11;92;HRL92889; Fone de ouvido resistente à água  ;1874.97
194;10;144;XZX37567; Espelho com luz LED embutida  ;2973.02
187;2;161;OFB13312; Cortador de legumes multifuncional  ;4425.39
268;10;92;OEL46514; Protetor de colchão impermeável  ;1704.95
292;8;106;TIO21975; Kit de bolsas organizadoras para viagem  ;260.61
136;8;114;SUG93288; Organizador de porta de armário  ;1971.25
143;8;25;MZP17243; Caixa organizadora empilhável  ;3717.66
43;12;138;HXZ92612; Relógio de pulso resistente à água  ;4149.69
6;4;103;EUD28717; Mochila com compartimento para laptop  ;1252.91
131;1;10;NIC15326; Kit de lâmpadas LED inteligentes  ;3920.1
115;7;42;NMQ23422; Máquina de bordar portátil  ;320.48
170;12;49;WRT75843; Alarme de porta com sensor magnético  ;874.49
192;3;51;ZUM54241; Suporte para TV articulado  ;1838.36
131;12;14;UAQ82116; Varal de teto retrátil  ;3706.9
207;8;29;KSP71149; Cesto de roupa suja dobrável  ;4502.44
67;14;137;SZM72286; Kit de adaptadores de tomadas  ;1193.88
248;10;54;WIX15541; Termômetro infravermelho digital  ;3596.92
257;2;68;APY19315; Aparelho de aquecimento para orelhas  ;4966.27
194;6;64;YJZ24972; Mini geladeira portátil  ;1765.5
123;3;32;FWI52753; Relógio de parede com termômetro  ;1493.15
99;7;103;TBP83936; Estante de madeira modular  ;2744.02
255;3;188;HKP63277; Lanterna tática recarregável  ;4299.85
274;8;155;FAW74367; Conjunto de panelas de inox  ;4924.67
55;11;50;TLO95485; Rede de descanso dobrável  ;935.98
38;7;24;LLD13315; Sistema de iluminação para armário  ;228.77
269;3;181;WAT87597; Ventilador com controle remoto  ;23.31
76;4;160;VJP74962; Máquina de cortar cabelo sem fio  ;2502.12
300;8;26;XVI34631; Aspirador de pó robô inteligente  ;1724.4
222;4;28;PSJ63148; Mesa de centro com porta-objetos  ;3602.72
38;13;96;LVV28211; Caixa térmica com rodas  ;1098.02
190;3;8;HEZ37377; Kit de ferramentas manuais  ;723.85
120;14;151;IKU84142; Cortador de grama a gasolina  ;4221.6
21;12;81;LFG56945; Painel decorativo em MDF  ;2530.88
234;2;75;EAJ39341; Mochila com painel solar  ;1906.65
126;12;77;QHH45736; Termômetro de alimentos digital  ;1766.47
87;14;90;YQJ21648; Conjunto de talheres em aço inox  ;1684.54
37;5;30;LXC74867; Tapete de entrada personalizado  ;3555.74
245;12;26;NHI78619; Luminária de chão articulada  ;2479.92
159;9;33;GOS92828; Cortina blackout térmica  ;4903.24
35;1;183;NEG58238; Mochila de viagem com compartimentos  ;1322.49
52;8;49;NUI85949; Caixa de som à prova d'água  ;1172.89
291;8;123;FJM99324; Tábua de passar roupa compacta  ;4229.09
90;10;60;LOH93524; Conjunto de travesseiros de espuma viscoelástica  ;1491.41
188;5;141;EUO67283; Filtro de água portátil para camping  ;999.16
248;3;128;OVB62914; Tapete de yoga antiderrapante  ;1448.55
66;4;163;ZFU24238; Prateleira suspensa ajustável  ;3225.09
41;2;90;HIW62987; Suporte de bicicleta para parede  ;900.49
211;13;60;EAT69332; Jogo de panelas esmaltadas  ;2126.84
188;13;21;JBK98722; Relógio de parede com design moderno  ;3993.14
204;4;83;OOJ63656; Suporte de celular para carro magnético  ;1598.33
286;6;5;VPZ59672; Caixa organizadora para joias  ;4602.46
122;1;21;YPZ11182; Mesa de jantar extensível  ;1110.51
185;2;133;RFI51838; Mochila térmica para picnic  ;261.8
183;13;95;DGH94647; Ventilador de teto silencioso  ;2767.85
45;7;123;PNS53376; Almofada ortopédica para coluna  ;4645.36
124;1;107;BHS81654; Aspirador portátil para carro  ;3327.67
54;11;152;VRP87728; Filtro de ar para purificador  ;3994.25
203;14;105;EWJ91464; Carrinho de supermercado dobrável  ;4240.14
17;9;86;ZFF32738; Sofá-cama retrátil  ;1619.65
209;8;124;XED89314; Luminária decorativa de mesa  ;2733.5
63;13;95;XQW84675; Escova de cabelo elétrica  ;2605.57
198;2;170;NNC74365; Jogo de lençóis com elástico  ;3420.42
56;2;69;MVH45242; Bolsa de viagem com rodinhas  ;368.26
256;3;92;RDN66398; Kit de ferramentas para bicicletas  ;605.57
259;9;158;UXW52966; Ventilador torre silencioso  ;2042.04
68;9;135;NQB92492; Organizador de gavetas para talheres  ;3246.6
36;8;62;UEX21393; Espelho com moldura decorativa  ;309.42
216;6;116;FXQ58662; Guarda-sol com base resistente  ;2044.06
156;10;80;FLU38563; Relógio com alarme vibratório  ;3760.14
89;5;145;VTM84741; Sofá reclinável com porta-copos  ;633.14
260;9;111;SVX77387; Conjunto de facas para churrasco  ;889.16
113;3;153;BIP55978; Tapete para sala com design moderno  ;2419.75
157;1;125;WQV69294; Armário para banheiro compacto  ;4705.44
40;8;117;FTR33228; Prateleira organizadora para cozinha  ;2646.02
169;5;3;TKR36881; Conjunto de cadeiras empilháveis  ;592.98
